EZ,t0,t1,t2,t3,t4,t5,t6,t7,t8,t9,t10,t11,t12,t13,t14
c17_dfs_tp1,PASS,PASS,PASS,PASS,FAIL,PASS,FAIL,PASS,PASS,PASS,PASS,FAIL,PASS,PASS,FAIL
c17_dfs_tp2,PASS,PASS,PASS,PASS,FAIL,PASS,FAIL,PASS,PASS,PASS,PASS,FAIL,PASS,PASS,FAIL
c17_dfs_tp3,PASS,PASS,PASS,PASS,FAIL,PASS,FAIL,PASS,PASS,PASS,PASS,FAIL,PASS,PASS,FAIL
c17_dfs_tp4,PASS,PASS,PASS,PASS,FAIL,PASS,FAIL,PASS,PASS,PASS,PASS,FAIL,PASS,PASS,FAIL
c17_dfs_tp5,PASS,PASS,PASS,PASS,FAIL,PASS,FAIL,PASS,PASS,PASS,PASS,FAIL,PASS,PASS,FAIL
c1_dfs_tp1,PASS,PASS,PASS,PASS,FAIL,PASS,FAIL,PASS,PASS,PASS,PASS,FAIL,PASS,PASS,FAIL
c1_dfs_tp2,PASS,PASS,PASS,PASS,FAIL,PASS,FAIL,PASS,PASS,PASS,PASS,FAIL,PASS,PASS,FAIL
c1_dfs_tp3,PASS,FAIL,PASS,PASS,FAIL,PASS,FAIL,PASS,PASS,PASS,PASS,FAIL,PASS,PASS,FAIL
c1_dfs_tp4,PASS,FAIL,PASS,PASS,FAIL,PASS,FAIL,PASS,PASS,PASS,PASS,FAIL,PASS,PASS,FAIL
c1_dfs_tp5,PASS,FAIL,PASS,PASS,FAIL,PASS,FAIL,PASS,PASS,PASS,PASS,FAIL,PASS,PASS,FAIL
c2_dfs_tp1,PASS,PASS,PASS,PASS,FAIL,PASS,FAIL,PASS,PASS,PASS,PASS,FAIL,PASS,PASS,FAIL
c2_dfs_tp2,PASS,PASS,PASS,PASS,FAIL,PASS,FAIL,PASS,PASS,PASS,PASS,FAIL,PASS,PASS,FAIL
c2_dfs_tp3,PASS,PASS,PASS,PASS,FAIL,PASS,FAIL,PASS,PASS,PASS,PASS,FAIL,PASS,PASS,FAIL
c2_dfs_tp4,PASS,PASS,PASS,PASS,FAIL,PASS,FAIL,PASS,PASS,PASS,PASS,FAIL,PASS,PASS,FAIL
c2_dfs_tp5,PASS,FAIL,PASS,PASS,FAIL,PASS,FAIL,PASS,PASS,PASS,PASS,FAIL,PASS,PASS,FAIL
c3_dfs_tp1,PASS,PASS,PASS,PASS,FAIL,PASS,FAIL,PASS,PASS,PASS,PASS,FAIL,PASS,PASS,FAIL
c3_dfs_tp2,PASS,PASS,PASS,PASS,FAIL,PASS,FAIL,PASS,PASS,PASS,PASS,FAIL,PASS,PASS,FAIL
c3_dfs_tp3,PASS,PASS,PASS,PASS,FAIL,PASS,FAIL,PASS,PASS,PASS,PASS,FAIL,PASS,PASS,FAIL
c3_dfs_tp4,PASS,PASS,PASS,PASS,FAIL,PASS,FAIL,PASS,PASS,PASS,PASS,FAIL,PASS,PASS,FAIL
c3_dfs_tp5,PASS,PASS,PASS,PASS,FAIL,PASS,FAIL,PASS,PASS,PASS,PASS,FAIL,PASS,PASS,FAIL
c4_dfs_tp1,PASS,PASS,PASS,PASS,FAIL,PASS,FAIL,PASS,PASS,PASS,PASS,FAIL,PASS,PASS,FAIL
c4_dfs_tp2,PASS,PASS,PASS,PASS,FAIL,PASS,FAIL,PASS,PASS,PASS,PASS,FAIL,PASS,PASS,FAIL
c4_dfs_tp3,PASS,PASS,PASS,PASS,FAIL,PASS,FAIL,PASS,PASS,PASS,PASS,FAIL,PASS,PASS,FAIL
c4_dfs_tp4,PASS,FAIL,PASS,PASS,FAIL,PASS,FAIL,PASS,PASS,PASS,PASS,FAIL,PASS,PASS,FAIL
c4_dfs_tp5,PASS,FAIL,PASS,PASS,FAIL,PASS,FAIL,PASS,PASS,PASS,PASS,FAIL,PASS,PASS,FAIL
add2_dfs_tp1,PASS,PASS,PASS,PASS,FAIL,PASS,FAIL,PASS,PASS,PASS,PASS,FAIL,PASS,PASS,FAIL
add2_dfs_tp2,PASS,PASS,PASS,PASS,FAIL,PASS,FAIL,PASS,PASS,PASS,PASS,FAIL,PASS,PASS,FAIL
add2_dfs_tp3,PASS,PASS,PASS,PASS,FAIL,PASS,FAIL,PASS,PASS,PASS,PASS,FAIL,PASS,PASS,FAIL
add2_dfs_tp4,PASS,PASS,PASS,PASS,FAIL,PASS,FAIL,PASS,PASS,PASS,PASS,FAIL,PASS,PASS,FAIL
add2_dfs_tp5,PASS,PASS,PASS,PASS,FAIL,PASS,FAIL,PASS,PASS,PASS,PASS,FAIL,PASS,PASS,FAIL
x3mult_dfs_tp1,PASS,PASS,PASS,PASS,FAIL,PASS,FAIL,PASS,PASS,PASS,PASS,FAIL,PASS,PASS,FAIL
x3mult_dfs_tp2,PASS,PASS,PASS,PASS,FAIL,PASS,FAIL,PASS,PASS,PASS,PASS,FAIL,PASS,PASS,FAIL
x3mult_dfs_tp3,PASS,PASS,PASS,PASS,FAIL,PASS,FAIL,PASS,PASS,PASS,PASS,FAIL,PASS,PASS,FAIL
x3mult_dfs_tp4,PASS,PASS,PASS,PASS,FAIL,PASS,FAIL,PASS,PASS,PASS,PASS,FAIL,PASS,PASS,FAIL
x3mult_dfs_tp5,PASS,PASS,PASS,PASS,FAIL,PASS,FAIL,PASS,PASS,PASS,PASS,FAIL,PASS,PASS,FAIL
